ID,codigo_do_setor_censitario,entrevista,quantos_caes,quantos_gatos,quantas_pessoas,razao_para_nao_castrar,razao_para_nao_castrar_outras
1,411915205000038,recusa,NA,NA,NA,,
2,411915205000038,atendida,1,0,3,,
3,411915205000038,atendida,1,0,4,,
4,411915205000038,atendida,1,0,4,,
5,411915205000038,atendida,2,0,2,,
6,411915205000038,atendida,0,1,5,,
7,411915205000038,atendida,2,0,3,,
8,411915205000038,recusa,NA,NA,NA,,
9,411915205000038,atendida,1,0,4,,
10,411915205000038,recusa,NA,NA,NA,,
11,411915205000038,atendida,1,0,6,,
12,411915205000038,atendida,2,0,4,,
13,411915205000038,atendida,1,0,4,nao_sabe,
14,411915205000038,atendida,0,0,4,,
15,411915205000038,atendida,0,0,6,,
16,411915205000038,atendida,3,0,8,,
17,411915205000038,atendida,1,0,1,,
18,411915205000038,recusa,NA,NA,NA,,
19,411915205000038,atendida,0,0,3,,
20,411915205000038,atendida,1,0,1,falta_de_tempo,
21,411915205000038,recusa,NA,NA,NA,,
22,411915205000038,atendida,1,0,2,,
23,411915205000038,atendida,1,0,3,,
24,411915205000038,recusa,NA,NA,NA,,
25,411915205000038,atendida,0,0,3,,
26,411915205000038,atendida,2,0,6,custo_da_castracao,
27,411915205000038,atendida,1,3,3,,
28,411915205000038,recusa,NA,NA,NA,,
29,411915205000038,recusa,NA,NA,NA,,
30,411915205000038,atendida,2,0,2,,
31,411915205000052,atendida,1,0,2,nao_sabe,
32,411915205000052,atendida,0,0,3,,
33,411915205000052,atendida,2,0,3,custo_da_castracao,
34,411915205000052,atendida,1,0,5,nao_sabe,
35,411915205000052,atendida,1,0,3,outras,acabou_de_adotar
36,411915205000052,atendida,0,0,2,,
37,411915205000052,atendida,0,1,2,custo_da_castracao,nao_quer
38,411915205000052,atendida,0,0,3,,
39,411915205000052,atendida,2,0,2,,
40,411915205000052,atendida,0,0,3,,
41,411915205000052,atendida,1,0,3,falta_de_tempo,
42,411915205000052,atendida,0,0,2,,
43,411915205000052,atendida,0,0,3,,
44,411915205000052,casa_fechada,NA,NA,NA,,
45,411915205000052,recusa,NA,NA,NA,,
46,411915205000052,recusa,NA,NA,NA,,
47,411915205000052,atendida,1,0,4,falta_de_tempo,
48,411915205000052,atendida,1,1,1,falta_de_tempo,
49,411915205000052,recusa,NA,NA,NA,,
50,411915205000052,atendida,0,0,3,,
51,411915205000052,atendida,0,0,4,,
52,411915205000052,atendida,0,0,2,,
53,411915205000052,atendida,0,0,3,,
54,411915205000052,atendida,0,0,3,,
55,411915205000052,atendida,0,0,2,,
56,411915205000052,atendida,2,0,1,,
57,411915205000052,atendida,2,0,7,,
58,411915205000052,atendida,0,0,1,,
59,411915205000052,atendida,2,0,1,,
60,411915205000052,atendida,1,0,2,,
61,411915205000115,atendida,0,0,4,,
62,411915205000115,recusa,NA,NA,NA,,
63,411915205000115,atendida,0,1,3,,
64,411915205000115,atendida,0,1,5,,
65,411915205000115,atendida,0,0,3,,
66,411915205000115,atendida,1,0,5,custo_da_castracao,
67,411915205000115,atendida,1,0,1,,
68,411915205000115,atendida,3,0,3,custo_da_castracao,
69,411915205000115,atendida,2,1,3,,
70,411915205000115,atendida,0,0,7,,
71,411915205000115,atendida,2,0,4,custo_da_castracao,
72,411915205000115,recusa,NA,NA,NA,,
73,411915205000115,atendida,1,1,2,nao_sabe,
74,411915205000115,atendida,3,1,5,,
75,411915205000115,atendida,0,0,2,,
76,411915205000115,recusa,NA,NA,NA,,
77,411915205000115,atendida,3,2,5,,
78,411915205000115,atendida,2,2,3,custo_da_castracao,
79,411915205000115,atendida,2,1,6,,
80,411915205000115,recusa,NA,NA,NA,,
81,411915205000115,recusa,NA,NA,NA,,
82,411915205000115,recusa,NA,NA,NA,,
83,411915205000115,recusa,NA,NA,NA,,
84,411915205000115,atendida,0,3,5,,
85,411915205000115,atendida,1,0,4,,
86,411915205000115,recusa,NA,NA,NA,,
87,411915205000115,atendida,1,1,6,,
88,411915205000115,atendida,1,0,2,quer_crias_do_animal,
89,411915205000115,atendida,1,0,3,,
90,411915205000115,atendida,1,1,4,custo_da_castracao,
91,411915205000127,atendida,0,0,3,,
92,411915205000127,atendida,0,0,2,,
93,411915205000127,atendida,3,0,6,outras,vai_castrar
94,411915205000127,atendida,6,0,5,outras,porque_e_macho
95,411915205000127,atendida,1,0,5,,
96,411915205000127,atendida,1,0,7,quer_crias_do_animal,
97,411915205000127,atendida,1,0,4,,
98,411915205000127,recusa,NA,NA,NA,,
99,411915205000127,recusa,NA,NA,NA,,
100,411915205000127,atendida,0,1,1,custo_da_castracao,
101,411915205000127,atendida,5,0,2,,
102,411915205000127,atendida,1,0,4,falta_de_tempo,
103,411915205000127,atendida,2,0,2,,
104,411915205000127,atendida,2,0,2,,
105,411915205000127,atendida,2,1,2,,
106,411915205000127,atendida,0,2,3,,
107,411915205000127,atendida,1,0,2,,
108,411915205000127,atendida,1,0,3,outras,beterinario_orientou_castrar_apos_1?_cio
109,411915205000127,atendida,4,1,3,falta_de_tempo,
110,411915205000127,atendida,1,0,4,,
111,411915205000127,atendida,0,0,1,,
112,411915205000127,atendida,1,1,7,,
113,411915205000127,atendida,1,0,4,,
114,411915205000127,atendida,1,0,2,,
115,411915205000127,atendida,0,0,5,,
116,411915205000127,atendida,0,0,1,,
117,411915205000127,atendida,2,0,3,,
118,411915205000127,atendida,1,0,1,outras,vai_castrar
119,411915205000127,atendida,3,0,4,,
120,411915205000127,atendida,1,0,7,,
121,411915205000008,recusa,NA,NA,NA,,
122,411915205000008,atendida,2,0,4,custo_da_castracao,
123,411915205000008,atendida,5,0,8,,
124,411915205000008,casa_fechada,NA,NA,NA,,
125,411915205000008,atendida,0,0,3,,
126,411915205000008,atendida,2,0,3,,
127,411915205000008,atendida,1,0,3,,
128,411915205000008,atendida,0,1,3,,
129,411915205000008,atendida,0,0,4,,
130,411915205000008,atendida,2,2,5,,
131,411915205000008,atendida,4,0,5,,
132,411915205000008,recusa,NA,NA,NA,,
133,411915205000008,atendida,2,0,3,nao_sabe,
134,411915205000008,atendida,1,0,2,custo_da_castracao,
135,411915205000008,atendida,0,0,2,,
136,411915205000008,recusa,NA,NA,NA,,
137,411915205000008,atendida,3,0,4,custo_da_castracao,
138,411915205000008,atendida,4,0,2,,
139,411915205000008,atendida,2,0,5,,
140,411915205000008,recusa,NA,NA,NA,,
141,411915205000008,casa_fechada,NA,NA,NA,,
142,411915205000008,recusa,NA,NA,NA,,
143,411915205000008,atendida,2,0,2,,
144,411915205000008,atendida,1,0,4,,
145,411915205000008,atendida,5,0,3,,
146,411915205000008,casa_fechada,NA,NA,NA,,
147,411915205000008,atendida,2,0,4,,
148,411915205000008,atendida,0,0,4,,
149,411915205000008,atendida,3,0,1,,
150,411915205000008,atendida,1,0,3,,
151,411915205000066,atendida,2,1,3,,
152,411915205000066,atendida,3,3,3,,
153,411915205000066,atendida,0,0,3,,
154,411915205000066,atendida,3,0,3,falta_de_tempo,
155,411915205000066,atendida,2,0,3,,
156,411915205000066,atendida,2,0,4,custo_da_castracao,
157,411915205000066,casa_fechada,NA,NA,NA,,
158,411915205000066,recusa,NA,NA,NA,,
159,411915205000066,atendida,3,1,3,,
160,411915205000066,recusa,NA,NA,NA,,
161,411915205000066,recusa,NA,NA,NA,,
162,411915205000066,atendida,0,0,3,,
163,411915205000066,atendida,1,0,4,falta_de_tempo,
164,411915205000066,atendida,1,0,2,nao_sabe,
165,411915205000066,atendida,2,4,4,outras,vai_castrar
166,411915205000066,atendida,1,0,3,outras,vai_castrar
167,411915205000066,atendida,2,0,5,custo_da_castracao,
168,411915205000066,atendida,0,0,2,,
169,411915205000066,atendida,0,0,6,,
170,411915205000066,atendida,2,0,3,falta_de_tempo,
171,411915205000066,atendida,1,0,4,,
172,411915205000066,atendida,2,0,3,outras,usa_contraceptivo
173,411915205000066,atendida,0,0,1,,
174,411915205000066,atendida,2,0,4,nao_sabe,
175,411915205000066,atendida,0,0,1,,
176,411915205000066,atendida,1,0,2,,
177,411915205000066,recusa,NA,NA,NA,,
178,411915205000066,atendida,1,0,3,custo_da_castracao,
179,411915205000066,atendida,3,0,5,falta_de_tempo,
180,411915205000066,atendida,2,0,5,custo_da_castracao,
181,411915205000117,recusa,NA,NA,NA,,
182,411915205000117,atendida,2,0,5,custo_da_castracao,
183,411915205000117,atendida,2,0,5,,
184,411915205000117,atendida,0,0,4,,
185,411915205000117,atendida,1,0,3,custo_da_castracao,
186,411915205000117,atendida,2,0,2,,
187,411915205000117,atendida,1,0,3,falta_de_tempo,
188,411915205000117,atendida,2,0,4,custo_da_castracao,
189,411915205000117,atendida,2,0,3,,
190,411915205000117,atendida,1,0,2,outras,nao_quer
191,411915205000117,atendida,0,0,4,,
192,411915205000117,atendida,1,0,4,custo_da_castracao,
193,411915205000117,atendida,2,0,4,,
194,411915205000117,atendida,2,0,2,,
195,411915205000117,atendida,1,0,3,eh_perigoso_para_o_animal,
196,411915205000117,atendida,1,1,4,,
197,411915205000117,recusa,NA,NA,NA,,
198,411915205000117,recusa,NA,NA,NA,,
199,411915205000117,recusa,NA,NA,NA,,
200,411915205000117,recusa,NA,NA,NA,,
201,411915205000117,recusa,NA,NA,NA,,
202,411915205000117,atendida,2,0,5,custo_da_castracao,
203,411915205000117,atendida,2,0,3,custo_da_castracao,
204,411915205000117,atendida,2,0,2,,
205,411915205000117,recusa,NA,NA,NA,,
206,411915205000117,atendida,2,0,4,,
207,411915205000117,recusa,NA,NA,NA,,
208,411915205000117,atendida,0,0,2,,
209,411915205000117,atendida,0,0,2,,
210,411915205000117,recusa,NA,NA,NA,,
211,411915205000070,atendida,1,1,5,,
212,411915205000070,atendida,2,0,7,custo_da_castracao,
213,411915205000070,atendida,0,0,9,,
214,411915205000070,atendida,1,0,5,falta_de_tempo,
215,411915205000070,atendida,1,0,2,,
216,411915205000070,atendida,0,0,3,,
217,411915205000070,casa_fechada,NA,NA,NA,,
218,411915205000070,atendida,1,0,5,,
219,411915205000070,recusa,NA,NA,NA,,
220,411915205000070,atendida,0,0,3,,
221,411915205000070,atendida,1,0,3,falta_de_tempo,
222,411915205000070,atendida,2,0,4,quer_crias_do_animal,
223,411915205000070,atendida,0,0,4,,
224,411915205000070,atendida,2,1,2,custo_da_castracao,
225,411915205000070,atendida,5,0,1,,
226,411915205000070,atendida,0,2,4,,
227,411915205000070,atendida,0,0,3,,
228,411915205000070,casa_fechada,NA,NA,NA,,
229,411915205000070,atendida,1,0,5,custo_da_castracao,
230,411915205000070,atendida,2,0,2,,
231,411915205000070,atendida,1,2,5,,
232,411915205000070,atendida,3,0,1,,
233,411915205000070,atendida,2,0,4,falta_de_tempo,
234,411915205000070,atendida,2,0,4,custo_da_castracao,
235,411915205000070,atendida,2,0,4,,
236,411915205000070,atendida,0,0,4,,
237,411915205000070,atendida,1,0,6,quer_crias_do_animal,
238,411915205000070,atendida,2,0,2,outras,nao_quer
239,411915205000070,casa_fechada,NA,NA,NA,,
240,411915205000070,atendida,1,0,4,custo_da_castracao,
241,411915205000058,atendida,2,1,3,,
242,411915205000058,atendida,2,0,6,falta_de_tempo,
243,411915205000058,atendida,0,0,3,,
244,411915205000058,atendida,1,0,4,nao_sabe,
245,411915205000058,atendida,2,0,2,custo_da_castracao,
246,411915205000058,atendida,1,1,4,,
247,411915205000058,atendida,0,0,2,,
248,411915205000058,atendida,4,7,3,,
249,411915205000058,atendida,1,0,7,,
250,411915205000058,atendida,1,1,2,,
251,411915205000058,atendida,0,0,4,,
252,411915205000058,atendida,0,1,2,custo_da_castracao,
253,411915205000058,casa_fechada,NA,NA,NA,,
254,411915205000058,atendida,1,0,2,,
255,411915205000058,atendida,0,0,1,,
256,411915205000058,casa_fechada,NA,NA,NA,,
257,411915205000058,casa_fechada,NA,NA,NA,,
258,411915205000058,atendida,1,0,2,custo_da_castracao,
259,411915205000058,atendida,0,0,3,,
260,411915205000058,atendida,3,0,6,outras,muito_novo
261,411915205000058,atendida,0,0,4,,
262,411915205000058,atendida,1,0,4,,
263,411915205000058,atendida,2,1,1,,
264,411915205000058,atendida,1,0,1,outras,muito_velho
265,411915205000058,atendida,1,1,4,falta_de_tempo,
266,411915205000058,atendida,3,0,3,falta_de_tempo,
267,411915205000058,atendida,4,0,1,,
268,411915205000058,atendida,0,0,4,,
269,411915205000058,atendida,0,0,4,,
270,411915205000058,atendida,1,2,2,,
271,411915205000129,atendida,4,0,3,,
272,411915205000129,casa_fechada,NA,NA,NA,,
273,411915205000129,atendida,0,0,2,,
274,411915205000129,recusa,NA,NA,NA,,
275,411915205000129,casa_fechada,NA,NA,NA,,
276,411915205000129,atendida,2,0,2,outras,nao_quer
277,411915205000129,atendida,1,0,3,quer_crias_do_animal,
278,411915205000129,casa_fechada,NA,NA,NA,,
279,411915205000129,atendida,0,0,5,,
280,411915205000129,atendida,2,0,4,,
281,411915205000129,atendida,2,0,4,falta_de_tempo,
282,411915205000129,atendida,2,0,4,falta_de_tempo,
283,411915205000129,atendida,2,0,3,,
284,411915205000129,casa_fechada,NA,NA,NA,,
285,411915205000129,atendida,0,0,4,,
286,411915205000129,atendida,1,6,1,,
287,411915205000129,atendida,0,0,4,,
288,411915205000129,atendida,1,0,3,custo_da_castracao,
289,411915205000129,atendida,1,0,3,custo_da_castracao,
290,411915205000129,atendida,1,0,4,,
291,411915205000129,atendida,1,0,4,custo_da_castracao,nao_quer
292,411915205000129,atendida,7,0,7,,
293,411915205000129,atendida,0,0,2,,
294,411915205000129,atendida,7,0,4,,
295,411915205000129,atendida,0,0,1,,
296,411915205000129,recusa,NA,NA,NA,,
297,411915205000129,atendida,2,0,3,,
298,411915205000129,casa_fechada,NA,NA,NA,,
299,411915205000129,recusa,NA,NA,NA,,
300,411915205000129,recusa,NA,NA,NA,,
301,411915205000057,atendida,1,0,4,outras,nao_precisa
302,411915205000057,atendida,0,0,3,,
303,411915205000057,atendida,0,0,5,,
304,411915205000057,casa_fechada,NA,NA,NA,,
305,411915205000057,recusa,NA,NA,NA,,
306,411915205000057,atendida,2,0,4,,
307,411915205000057,atendida,1,0,2,,
308,411915205000057,casa_fechada,NA,NA,NA,,
309,411915205000057,atendida,1,0,1,,
310,411915205000057,atendida,2,0,3,custo_da_castracao,
311,411915205000057,atendida,0,0,3,,
312,411915205000057,atendida,0,0,2,,
313,411915205000057,atendida,1,0,4,,
314,411915205000057,atendida,1,0,2,,
315,411915205000057,atendida,2,0,2,outras,deixa_o_animal_lento
316,411915205000057,atendida,0,0,2,,
317,411915205000057,atendida,0,0,4,,
318,411915205000057,atendida,2,0,2,quer_crias_do_animal,
319,411915205000057,atendida,0,0,3,,
320,411915205000057,atendida,0,0,7,,
321,411915205000057,atendida,2,0,7,,
322,411915205000057,atendida,1,0,4,nao_sabe,
323,411915205000057,atendida,0,0,4,,
324,411915205000057,atendida,1,0,5,custo_da_castracao,
325,411915205000057,atendida,0,0,3,,
326,411915205000057,atendida,1,0,3,,
327,411915205000057,recusa,NA,NA,NA,,
328,411915205000057,atendida,1,0,1,,
329,411915205000057,atendida,3,0,2,custo_da_castracao,
330,411915205000057,atendida,1,0,3,custo_da_castracao,
331,411915205000085,atendida,1,0,4,custo_da_castracao,
332,411915205000085,atendida,0,0,1,,
333,411915205000085,atendida,0,0,2,,
334,411915205000085,atendida,2,0,1,,
335,411915205000085,atendida,7,0,2,falta_de_tempo,
336,411915205000085,atendida,3,0,3,,
337,411915205000085,recusa,NA,NA,NA,,
338,411915205000085,atendida,1,0,3,,
339,411915205000085,atendida,0,0,3,,
340,411915205000085,atendida,3,0,3,,
341,411915205000085,atendida,2,0,4,custo_da_castracao,
342,411915205000085,recusa,NA,NA,NA,,
343,411915205000085,atendida,0,0,2,,
344,411915205000085,atendida,0,0,2,,
345,411915205000085,atendida,1,0,3,custo_da_castracao,
346,411915205000085,atendida,0,0,2,,
347,411915205000085,recusa,NA,NA,NA,,
348,411915205000085,atendida,1,0,5,custo_da_castracao,
349,411915205000085,atendida,0,0,1,,
350,411915205000085,atendida,0,0,4,,
351,411915205000085,atendida,1,0,3,quer_crias_do_animal,
352,411915205000085,atendida,1,0,2,,
353,411915205000085,atendida,3,0,5,,
354,411915205000085,atendida,1,0,4,,
355,411915205000085,atendida,3,1,2,custo_da_castracao,
356,411915205000085,atendida,0,0,5,,
357,411915205000085,atendida,3,0,5,custo_da_castracao,
358,411915205000085,recusa,NA,NA,NA,,
359,411915205000085,atendida,0,0,2,,
360,411915205000085,atendida,0,0,2,,
361,411915205000073,atendida,1,0,1,,
362,411915205000073,recusa,NA,NA,NA,,
363,411915205000073,atendida,0,0,2,,
364,411915205000073,atendida,0,0,2,,
365,411915205000073,atendida,2,0,3,,
366,411915205000073,atendida,1,0,9,,
367,411915205000073,atendida,2,0,2,custo_da_castracao,
368,411915205000073,atendida,2,0,2,custo_da_castracao,
369,411915205000073,atendida,0,0,2,,
370,411915205000073,atendida,0,0,4,,
371,411915205000073,atendida,0,0,2,,
372,411915205000073,atendida,2,0,4,nao_sabe,
373,411915205000073,atendida,1,1,4,custo_da_castracao,
374,411915205000073,atendida,2,0,2,eh_perigoso_para_o_animal,
375,411915205000073,atendida,2,0,3,custo_da_castracao,
376,411915205000073,atendida,2,0,4,,
377,411915205000073,atendida,4,0,2,,
378,411915205000073,atendida,1,0,2,nao_sabe,
379,411915205000073,atendida,1,0,5,,
380,411915205000073,atendida,5,1,7,,
381,411915205000073,atendida,2,0,5,,
382,411915205000073,atendida,9,0,3,,
383,411915205000073,atendida,0,0,3,,
384,411915205000073,recusa,NA,NA,NA,,
385,411915205000073,atendida,2,0,5,,
386,411915205000073,atendida,2,0,3,custo_da_castracao,
387,411915205000073,atendida,3,0,2,eh_perigoso_para_o_animal,
388,411915205000073,atendida,1,0,1,,
389,411915205000073,atendida,0,0,2,,
390,411915205000073,atendida,2,0,2,custo_da_castracao,
391,411915205000016,atendida,0,0,2,,
392,411915205000016,atendida,1,0,2,,
393,411915205000016,atendida,1,0,5,eh_perigoso_para_o_animal,
394,411915205000016,atendida,0,0,2,,
395,411915205000016,atendida,3,0,5,,
396,411915205000016,atendida,4,0,3,,
397,411915205000016,atendida,1,0,4,quer_crias_do_animal,
398,411915205000016,atendida,0,0,2,,
399,411915205000016,atendida,2,0,2,,
400,411915205000016,atendida,1,0,3,,
401,411915205000016,atendida,0,0,4,,
402,411915205000016,recusa,NA,NA,NA,,
403,411915205000016,atendida,0,0,4,,
404,411915205000016,atendida,2,0,4,outras,usa_contraceptivo
405,411915205000016,atendida,5,0,4,,
406,411915205000016,atendida,2,1,5,,
407,411915205000016,casa_fechada,NA,NA,NA,,
408,411915205000016,recusa,NA,NA,NA,,
409,411915205000016,atendida,0,0,2,,
410,411915205000016,atendida,0,1,3,falta_de_tempo,
411,411915205000016,atendida,0,0,5,,
412,411915205000016,atendida,3,0,3,quer_crias_do_animal,
413,411915205000016,atendida,0,0,2,,
414,411915205000016,recusa,NA,NA,NA,,
415,411915205000016,atendida,1,0,1,,
416,411915205000016,recusa,NA,NA,NA,,
417,411915205000016,atendida,2,0,4,,
418,411915205000016,atendida,0,0,5,,
419,411915205000016,atendida,1,0,2,,
420,411915205000016,atendida,1,0,4,custo_da_castracao,
421,411915205000118,atendida,0,0,4,,
422,411915205000118,recusa,NA,NA,NA,,
423,411915205000118,atendida,0,1,2,,
424,411915205000118,atendida,0,0,2,,
425,411915205000118,atendida,0,0,2,,
426,411915205000118,atendida,0,0,1,,
427,411915205000118,atendida,5,0,6,,
428,411915205000118,atendida,0,0,4,,
429,411915205000118,atendida,2,0,4,custo_da_castracao,
430,411915205000118,atendida,1,0,3,,
431,411915205000118,recusa,NA,NA,NA,,
432,411915205000118,recusa,NA,NA,NA,,
433,411915205000118,atendida,0,1,4,falta_de_tempo,
434,411915205000118,atendida,0,2,4,,
435,411915205000118,atendida,0,0,5,,
436,411915205000118,atendida,0,0,1,,
437,411915205000118,atendida,2,0,4,custo_da_castracao,
438,411915205000118,atendida,0,0,7,,
439,411915205000118,atendida,1,0,4,custo_da_castracao,
440,411915205000118,atendida,1,0,2,,
441,411915205000118,atendida,3,1,15,,
442,411915205000118,atendida,1,0,3,quer_crias_do_animal,
443,411915205000118,atendida,1,0,3,,
444,411915205000118,recusa,NA,NA,NA,,
445,411915205000118,atendida,2,0,3,,
446,411915205000118,atendida,2,0,2,,
447,411915205000118,atendida,0,0,4,,
448,411915205000118,recusa,NA,NA,NA,,
449,411915205000118,recusa,NA,NA,NA,,
450,411915205000118,atendida,1,0,1,nao_sabe,
451,411915205000034,atendida,3,0,3,,
452,411915205000034,atendida,3,0,2,,
453,411915205000034,atendida,1,0,3,outras,idade
454,411915205000034,recusa,NA,NA,NA,,
455,411915205000034,atendida,2,0,2,,
456,411915205000034,recusa,NA,NA,NA,,
457,411915205000034,atendida,0,0,3,,
458,411915205000034,atendida,4,0,5,,
459,411915205000034,atendida,1,0,4,quer_crias_do_animal,
460,411915205000034,atendida,2,0,2,custo_da_castracao,
461,411915205000034,atendida,1,0,5,,
462,411915205000034,atendida,0,0,2,,
463,411915205000034,atendida,0,0,5,,
464,411915205000034,atendida,1,0,2,,
465,411915205000034,atendida,1,0,3,custo_da_castracao,
466,411915205000034,atendida,2,0,3,falta_de_tempo,
467,411915205000034,atendida,0,0,2,,
468,411915205000034,atendida,2,0,2,,
469,411915205000034,atendida,1,0,6,quer_crias_do_animal,
470,411915205000034,atendida,2,0,5,,
471,411915205000034,atendida,2,0,6,custo_da_castracao,
472,411915205000034,atendida,0,0,2,,
473,411915205000034,atendida,2,0,2,,
474,411915205000034,atendida,0,0,3,,
475,411915205000034,atendida,2,0,2,custo_da_castracao,
476,411915205000034,atendida,1,0,7,eh_perigoso_para_o_animal,
477,411915205000034,atendida,0,0,4,,
478,411915205000034,atendida,0,0,2,,
479,411915205000034,atendida,1,1,4,custo_da_castracao,
480,411915205000034,atendida,0,0,6,,
481,411915205000042,atendida,0,0,2,,
482,411915205000042,atendida,1,0,5,falta_de_tempo,
483,411915205000042,atendida,2,3,3,,
484,411915205000042,recusa,NA,NA,NA,,
485,411915205000042,atendida,2,0,2,,
486,411915205000042,atendida,2,0,3,,
487,411915205000042,atendida,1,0,2,custo_da_castracao,
488,411915205000042,recusa,NA,NA,NA,,
489,411915205000042,atendida,3,0,4,custo_da_castracao,
490,411915205000042,atendida,5,0,4,,
491,411915205000042,casa_fechada,NA,NA,NA,,
492,411915205000042,atendida,0,0,2,,
493,411915205000042,atendida,3,0,7,falta_de_tempo,
494,411915205000042,atendida,1,0,3,,
495,411915205000042,atendida,7,0,3,,
496,411915205000042,atendida,1,0,2,,
497,411915205000042,recusa,NA,NA,NA,,
498,411915205000042,atendida,1,0,4,quer_crias_do_animal,
499,411915205000042,atendida,0,0,5,,
500,411915205000042,atendida,2,1,4,,
501,411915205000042,atendida,0,0,4,,
502,411915205000042,atendida,0,0,2,,
503,411915205000042,atendida,3,1,5,custo_da_castracao,
504,411915205000042,atendida,3,0,3,,
505,411915205000042,casa_fechada,NA,NA,NA,,
506,411915205000042,casa_fechada,NA,NA,NA,,
507,411915205000042,recusa,NA,NA,NA,,
508,411915205000042,atendida,2,0,3,,
509,411915205000042,atendida,0,0,2,,
510,411915205000042,atendida,4,0,4,custo_da_castracao,
511,411915205000116,atendida,0,0,3,,
512,411915205000116,recusa,NA,NA,NA,,
513,411915205000116,recusa,NA,NA,NA,,
514,411915205000116,recusa,NA,NA,NA,,
515,411915205000116,atendida,8,0,1,,
516,411915205000116,atendida,0,0,3,,
517,411915205000116,atendida,2,0,8,nao_sabe,
518,411915205000116,atendida,0,0,2,,
519,411915205000116,recusa,NA,NA,NA,,
520,411915205000116,atendida,1,0,2,custo_da_castracao,
521,411915205000116,atendida,1,0,3,custo_da_castracao,
522,411915205000116,atendida,1,1,3,,
523,411915205000116,atendida,1,0,2,custo_da_castracao,
524,411915205000116,atendida,2,1,5,,
525,411915205000116,casa_fechada,NA,NA,NA,,
526,411915205000116,atendida,1,0,2,falta_de_tempo,
527,411915205000116,atendida,3,0,3,,
528,411915205000116,atendida,0,0,5,,
529,411915205000116,atendida,0,0,2,,
530,411915205000116,atendida,4,0,3,,
531,411915205000116,atendida,1,1,4,,
532,411915205000116,atendida,0,0,3,,
533,411915205000116,atendida,1,0,1,,
534,411915205000116,atendida,1,0,2,,
535,411915205000116,recusa,NA,NA,NA,,
536,411915205000116,atendida,1,0,3,,
537,411915205000116,atendida,2,1,3,,
538,411915205000116,casa_fechada,NA,NA,NA,,
539,411915205000116,atendida,3,0,2,,
540,411915205000116,atendida,0,0,3,,
541,411915205000088,atendida,4,0,3,,
542,411915205000088,atendida,1,0,4,,
543,411915205000088,casa_fechada,NA,NA,NA,,
544,411915205000088,atendida,0,0,3,,
545,411915205000088,atendida,1,0,5,outras,idade
546,411915205000088,atendida,0,0,2,,
547,411915205000088,atendida,1,1,6,custo_da_castracao,
548,411915205000088,atendida,2,0,4,,
549,411915205000088,atendida,1,0,4,custo_da_castracao,
550,411915205000088,atendida,0,0,2,,
551,411915205000088,atendida,1,0,3,quer_crias_do_animal,
552,411915205000088,atendida,0,0,2,,
553,411915205000088,atendida,0,0,3,,
554,411915205000088,atendida,1,0,3,,
555,411915205000088,recusa,NA,NA,NA,,
556,411915205000088,atendida,1,0,5,quer_crias_do_animal,
557,411915205000088,atendida,4,0,4,,
558,411915205000088,atendida,1,0,5,,
559,411915205000088,atendida,3,0,3,,
560,411915205000088,atendida,0,0,3,,
561,411915205000088,recusa,NA,NA,NA,,
562,411915205000088,recusa,NA,NA,NA,,
563,411915205000088,recusa,NA,NA,NA,,
564,411915205000088,atendida,0,0,2,,
565,411915205000088,atendida,2,0,7,,
566,411915205000088,casa_fechada,NA,NA,NA,,
567,411915205000088,casa_fechada,NA,NA,NA,,
568,411915205000088,atendida,1,0,3,outras,idade
569,411915205000088,casa_fechada,NA,NA,NA,,
570,411915205000088,atendida,2,0,5,,
571,411915205000081,atendida,4,1,8,,
572,411915205000081,casa_fechada,NA,NA,NA,,
573,411915205000081,atendida,2,0,2,,
574,411915205000081,atendida,1,0,3,,
575,411915205000081,casa_fechada,NA,NA,NA,,
576,411915205000081,atendida,0,0,4,,
577,411915205000081,recusa,NA,NA,NA,,
578,411915205000081,atendida,5,0,4,,
579,411915205000081,atendida,4,0,3,falta_de_tempo,
580,411915205000081,atendida,4,0,2,,
581,411915205000081,atendida,2,0,2,custo_da_castracao,
582,411915205000081,casa_fechada,NA,NA,NA,,
583,411915205000081,atendida,2,0,2,,
584,411915205000081,atendida,2,1,2,,
585,411915205000081,atendida,4,0,4,,
586,411915205000081,casa_fechada,NA,NA,NA,,
587,411915205000081,atendida,0,0,4,,
588,411915205000081,atendida,2,0,2,custo_da_castracao,
589,411915205000081,atendida,0,2,2,outras,acabou_de_adotar
590,411915205000081,atendida,0,1,1,eh_perigoso_para_o_animal,
591,411915205000081,recusa,NA,NA,NA,,
592,411915205000081,atendida,1,0,2,,
593,411915205000081,atendida,2,0,2,,
594,411915205000081,atendida,0,2,3,custo_da_castracao,
595,411915205000081,atendida,2,2,3,,
596,411915205000081,atendida,1,0,3,custo_da_castracao,
597,411915205000081,atendida,1,0,3,nao_sabe,
598,411915205000081,atendida,1,0,4,falta_de_tempo,
599,411915205000081,atendida,1,0,4,custo_da_castracao,
600,411915205000081,recusa,NA,NA,NA,,
601,411915205000136,atendida,7,0,2,outras,nao_quer
602,411915205000136,atendida,1,0,5,outras,idade
603,411915205000136,atendida,3,2,4,outras,idade
604,411915205000136,atendida,2,0,3,falta_de_tempo,
605,411915205000136,atendida,0,0,3,,
606,411915205000136,atendida,2,0,3,,
607,411915205000136,atendida,2,0,4,custo_da_castracao,
608,411915205000136,atendida,2,0,6,custo_da_castracao,
609,411915205000136,atendida,0,0,1,,
610,411915205000136,atendida,0,0,2,,
611,411915205000136,atendida,1,0,3,,
612,411915205000136,atendida,0,0,4,,
613,411915205000136,atendida,1,1,5,custo_da_castracao,
614,411915205000136,atendida,1,0,5,,
615,411915205000136,atendida,1,0,2,custo_da_castracao,
616,411915205000136,atendida,3,0,6,falta_de_tempo,
617,411915205000136,recusa,NA,NA,NA,,
618,411915205000136,atendida,1,0,4,,
619,411915205000136,atendida,0,0,4,,
620,411915205000136,atendida,10,0,4,,
621,411915205000136,atendida,0,0,3,,
622,411915205000136,atendida,1,0,4,,
623,411915205000136,atendida,3,0,3,falta_de_tempo,
624,411915205000136,atendida,3,0,2,custo_da_castracao,
625,411915205000136,atendida,2,0,3,quer_crias_do_animal,
626,411915205000136,atendida,1,0,3,,
627,411915205000136,atendida,0,0,3,,
628,411915205000136,atendida,0,1,2,nao_sabe,
629,411915205000136,recusa,NA,NA,NA,,
630,411915205000136,atendida,3,0,2,,
631,411915205000083,casa_fechada,NA,NA,NA,,
632,411915205000083,casa_fechada,NA,NA,NA,,
633,411915205000083,atendida,2,0,4,,
634,411915205000083,atendida,3,1,3,,
635,411915205000083,atendida,0,1,3,custo_da_castracao,
636,411915205000083,casa_fechada,NA,NA,NA,,
637,411915205000083,atendida,2,0,1,,
638,411915205000083,atendida,1,0,4,eh_perigoso_para_o_animal,
639,411915205000083,atendida,1,0,2,outras,idade
640,411915205000083,atendida,2,0,6,quer_crias_do_animal,
641,411915205000083,atendida,1,0,5,custo_da_castracao,
642,411915205000083,casa_fechada,NA,NA,NA,,
643,411915205000083,casa_fechada,NA,NA,NA,,
644,411915205000083,atendida,5,0,2,,
645,411915205000083,atendida,10,3,4,,
646,411915205000083,atendida,0,0,2,,
647,411915205000083,atendida,4,0,2,,
648,411915205000083,atendida,1,0,4,custo_da_castracao,
649,411915205000083,atendida,3,0,2,,
650,411915205000083,atendida,1,0,6,,
651,411915205000083,atendida,1,1,5,,
652,411915205000083,atendida,1,0,6,,
653,411915205000083,recusa,NA,NA,NA,,
654,411915205000083,casa_fechada,NA,NA,NA,,
655,411915205000083,atendida,0,0,8,,
656,411915205000083,atendida,1,0,3,custo_da_castracao,
657,411915205000083,atendida,1,0,5,outras,macho
658,411915205000083,atendida,0,0,3,,
659,411915205000083,atendida,1,1,5,custo_da_castracao,
660,411915205000083,atendida,0,0,2,,
661,411915205000089,recusa,NA,NA,NA,,
662,411915205000089,atendida,1,0,3,outras,nao_quer
663,411915205000089,atendida,1,4,6,,
664,411915205000089,atendida,2,1,5,quer_crias_do_animal,
665,411915205000089,atendida,1,0,1,,
666,411915205000089,atendida,1,0,2,quer_crias_do_animal,
667,411915205000089,atendida,4,3,2,,
668,411915205000089,atendida,2,1,2,,
669,411915205000089,atendida,0,0,4,,
670,411915205000089,atendida,0,0,2,,
671,411915205000089,atendida,2,0,3,,
672,411915205000089,atendida,4,2,3,,
673,411915205000089,atendida,0,0,4,,
674,411915205000089,atendida,1,0,1,,
675,411915205000089,atendida,1,0,1,,
676,411915205000089,atendida,4,0,5,,
677,411915205000089,atendida,2,0,2,custo_da_castracao,
678,411915205000089,atendida,0,0,2,,
679,411915205000089,atendida,3,0,3,,
680,411915205000089,atendida,3,3,3,,
681,411915205000089,atendida,3,0,3,,
682,411915205000089,atendida,0,1,1,,
683,411915205000089,casa_fechada,NA,NA,NA,,
684,411915205000089,atendida,3,0,4,,
685,411915205000089,atendida,1,0,5,,
686,411915205000089,atendida,3,0,4,custo_da_castracao,
687,411915205000089,atendida,0,0,4,,
688,411915205000089,atendida,1,0,3,,
689,411915205000089,recusa,NA,NA,NA,,
690,411915205000089,atendida,0,0,2,,
691,411915205000069,atendida,0,0,6,,
692,411915205000069,atendida,1,0,3,custo_da_castracao,
693,411915205000069,atendida,5,0,2,quer_crias_do_animal,
694,411915205000069,atendida,2,2,2,custo_da_castracao,
695,411915205000069,casa_fechada,NA,NA,NA,,
696,411915205000069,atendida,0,0,6,,
697,411915205000069,atendida,1,0,3,,
698,411915205000069,atendida,0,0,2,,
699,411915205000069,atendida,0,0,2,,
700,411915205000069,casa_fechada,NA,NA,NA,,
701,411915205000069,recusa,NA,NA,NA,,
702,411915205000069,atendida,1,0,4,,
703,411915205000069,atendida,3,0,6,,
704,411915205000069,casa_fechada,NA,NA,NA,,
705,411915205000069,atendida,0,0,2,,
706,411915205000069,atendida,0,0,1,,
707,411915205000069,atendida,0,1,4,custo_da_castracao,
708,411915205000069,atendida,0,0,3,,
709,411915205000069,casa_fechada,NA,NA,NA,,
710,411915205000069,atendida,0,0,4,,
711,411915205000069,atendida,0,0,2,,
712,411915205000069,atendida,0,0,3,,
713,411915205000069,casa_fechada,NA,NA,NA,,
714,411915205000069,atendida,2,0,3,,
715,411915205000069,atendida,1,0,5,custo_da_castracao,
716,411915205000069,casa_fechada,NA,NA,NA,,
717,411915205000069,casa_fechada,NA,NA,NA,,
718,411915205000069,atendida,5,0,4,,
719,411915205000069,casa_fechada,NA,NA,NA,,
720,411915205000069,atendida,1,0,4,custo_da_castracao,
721,411915205000075,atendida,2,0,4,outras,cadelas_castradas_anteriormente_morreram_de_neoplasia
722,411915205000075,atendida,5,0,3,,
723,411915205000075,atendida,1,0,4,falta_de_tempo,
724,411915205000075,recusa,NA,NA,NA,,
725,411915205000075,atendida,0,0,4,,
726,411915205000075,recusa,NA,NA,NA,,
727,411915205000075,atendida,2,0,5,,
728,411915205000075,recusa,NA,NA,NA,,
729,411915205000075,atendida,2,0,5,,
730,411915205000075,recusa,NA,NA,NA,,
731,411915205000075,atendida,0,0,4,,
732,411915205000075,atendida,2,0,2,,
733,411915205000075,atendida,3,0,4,outras,nao_sai
734,411915205000075,atendida,1,0,6,falta_de_tempo,
735,411915205000075,atendida,2,0,3,eh_perigoso_para_o_animal,
736,411915205000075,atendida,2,0,3,,
737,411915205000075,casa_fechada,NA,NA,NA,,
738,411915205000075,recusa,NA,NA,NA,,
739,411915205000075,atendida,3,0,4,custo_da_castracao,
740,411915205000075,atendida,3,0,4,custo_da_castracao,
741,411915205000075,atendida,0,0,3,,
742,411915205000075,atendida,2,0,2,quer_crias_do_animal,
743,411915205000075,atendida,1,1,4,,
744,411915205000075,atendida,0,0,3,,
745,411915205000075,atendida,2,0,2,quer_crias_do_animal,
746,411915205000075,recusa,NA,NA,NA,,
747,411915205000075,atendida,0,0,2,,
748,411915205000075,atendida,1,0,2,,
749,411915205000075,atendida,4,0,8,falta_de_tempo,
750,411915205000075,atendida,2,0,7,custo_da_castracao,
751,411915205000022,atendida,4,0,3,custo_da_castracao,
752,411915205000022,atendida,0,0,4,,
753,411915205000022,atendida,0,0,4,,
754,411915205000022,atendida,1,0,3,,
755,411915205000022,recusa,NA,NA,NA,,
756,411915205000022,atendida,1,0,4,,
757,411915205000022,recusa,NA,NA,NA,,
758,411915205000022,atendida,2,1,4,falta_de_tempo,
759,411915205000022,atendida,1,0,5,outras,fica_amarrado
760,411915205000022,recusa,NA,NA,NA,,
761,411915205000022,atendida,2,0,2,custo_da_castracao,
762,411915205000022,recusa,NA,NA,NA,,
763,411915205000022,casa_fechada,NA,NA,NA,,
764,411915205000022,recusa,NA,NA,NA,,
765,411915205000022,atendida,0,0,3,,
766,411915205000022,recusa,NA,NA,NA,,
767,411915205000022,atendida,0,0,6,,
768,411915205000022,recusa,NA,NA,NA,,
769,411915205000022,atendida,0,0,3,,
770,411915205000022,casa_fechada,NA,NA,NA,,
771,411915205000022,atendida,0,0,2,,
772,411915205000022,casa_fechada,NA,NA,NA,,
773,411915205000022,recusa,NA,NA,NA,,
774,411915205000022,atendida,0,0,3,,
775,411915205000022,atendida,0,0,2,,
776,411915205000022,recusa,NA,NA,NA,,
777,411915205000022,atendida,1,0,3,nao_sabe,
778,411915205000022,atendida,2,1,3,custo_da_castracao,
779,411915205000022,atendida,0,0,4,,
780,411915205000022,atendida,0,0,2,,
781,411915205000130,atendida,2,0,1,,
782,411915205000130,recusa,NA,NA,NA,,
783,411915205000130,atendida,2,0,2,,
784,411915205000130,atendida,3,0,1,outras,usa_contraceptivo
785,411915205000130,casa_fechada,NA,NA,NA,,
786,411915205000130,recusa,NA,NA,NA,,
787,411915205000130,atendida,1,0,2,,
788,411915205000130,atendida,1,0,2,outras,usa_contraceptivo
789,411915205000130,recusa,NA,NA,NA,,
790,411915205000130,atendida,2,0,3,,
791,411915205000130,atendida,0,0,2,,
792,411915205000130,atendida,3,2,1,custo_da_castracao,
793,411915205000130,atendida,1,1,3,falta_de_tempo,
794,411915205000130,atendida,0,0,2,,
795,411915205000130,recusa,NA,NA,NA,,
796,411915205000130,atendida,1,0,4,,
797,411915205000130,recusa,NA,NA,NA,,
798,411915205000130,recusa,NA,NA,NA,,
799,411915205000130,atendida,0,0,6,,
800,411915205000130,recusa,NA,NA,NA,,
801,411915205000130,atendida,2,0,1,custo_da_castracao,
802,411915205000130,atendida,2,0,3,,
803,411915205000130,atendida,1,0,3,custo_da_castracao,
804,411915205000130,atendida,1,0,3,,
805,411915205000130,atendida,0,1,3,falta_de_tempo,
806,411915205000130,atendida,0,0,1,,
807,411915205000130,atendida,0,0,5,,
808,411915205000130,recusa,NA,NA,NA,,
809,411915205000130,atendida,12,0,3,falta_de_tempo,
810,411915205000130,casa_fechada,NA,NA,NA,,
811,411915205000087,atendida,1,0,4,custo_da_castracao,
812,411915205000087,recusa,NA,NA,NA,,
813,411915205000087,atendida,0,0,2,,
814,411915205000087,atendida,0,0,2,,
815,411915205000087,atendida,0,0,3,,
816,411915205000087,atendida,2,0,3,custo_da_castracao,
817,411915205000087,atendida,0,0,3,,
818,411915205000087,recusa,NA,NA,NA,,
819,411915205000087,recusa,NA,NA,NA,,
820,411915205000087,atendida,1,0,4,custo_da_castracao,
821,411915205000087,atendida,2,0,5,eh_perigoso_para_o_animal,
822,411915205000087,recusa,NA,NA,NA,,
823,411915205000087,atendida,1,0,4,falta_de_tempo,
824,411915205000087,atendida,0,0,2,,
825,411915205000087,atendida,0,0,2,,
826,411915205000087,atendida,0,1,3,falta_de_tempo,
827,411915205000087,atendida,2,0,2,outras,falta_de_informacao
828,411915205000087,recusa,NA,NA,NA,,
829,411915205000087,atendida,1,0,2,eh_perigoso_para_o_animal,
830,411915205000087,atendida,1,0,4,,
831,411915205000087,atendida,1,0,4,eh_perigoso_para_o_animal,
832,411915205000087,atendida,0,0,1,,
833,411915205000087,recusa,NA,NA,NA,,
834,411915205000087,recusa,NA,NA,NA,,
835,411915205000087,atendida,3,0,3,custo_da_castracao,
836,411915205000087,atendida,0,0,3,,
837,411915205000087,atendida,1,0,4,,
838,411915205000087,atendida,2,0,5,outras,falta_de_informacao
839,411915205000087,atendida,5,0,2,outras,usa_contraceptivo
840,411915205000087,atendida,1,0,1,outras,falta_de_informacao
841,411915205000004,atendida,0,0,2,,
842,411915205000004,atendida,1,0,2,outras,nao_quer
843,411915205000004,atendida,1,1,2,,
844,411915205000004,atendida,0,0,5,,
845,411915205000004,atendida,1,0,4,custo_da_castracao,nao_quer
846,411915205000004,atendida,0,0,3,,
847,411915205000004,atendida,1,1,4,custo_da_castracao,
848,411915205000004,atendida,0,0,5,,
849,411915205000004,atendida,0,0,2,,
850,411915205000004,atendida,2,0,5,custo_da_castracao,
851,411915205000004,atendida,1,0,1,custo_da_castracao,
852,411915205000004,atendida,1,0,2,,
853,411915205000004,atendida,0,0,1,,
854,411915205000004,atendida,1,0,2,,
855,411915205000004,atendida,2,0,5,,
856,411915205000004,recusa,NA,NA,NA,,
857,411915205000004,casa_fechada,NA,NA,NA,,
858,411915205000004,atendida,3,0,1,custo_da_castracao,
859,411915205000004,atendida,1,0,3,outras,nao_quer
860,411915205000004,atendida,3,3,2,,
861,411915205000004,atendida,2,0,3,,
862,411915205000004,atendida,0,0,4,,
863,411915205000004,atendida,1,0,5,custo_da_castracao,
864,411915205000004,atendida,2,0,5,eh_perigoso_para_o_animal,
865,411915205000004,atendida,1,0,3,falta_de_tempo,
866,411915205000004,atendida,2,0,2,quer_crias_do_animal,
867,411915205000004,atendida,0,0,5,,
868,411915205000004,atendida,1,0,5,quer_crias_do_animal,
869,411915205000004,atendida,3,2,3,,
870,411915205000004,atendida,0,0,3,,
871,411915205000061,atendida,0,0,3,,
872,411915205000061,atendida,3,0,7,custo_da_castracao,
873,411915205000061,atendida,0,0,1,,
874,411915205000061,recusa,NA,NA,NA,,
875,411915205000061,atendida,2,0,3,,
876,411915205000061,atendida,2,0,4,outras,a_femea_chegou_recentemente
877,411915205000061,atendida,4,0,3,outras,vai_castrar
878,411915205000061,atendida,1,0,3,outras,"fica_sozinho,_sem_contato_com_outros"
879,411915205000061,atendida,2,0,3,,
880,411915205000061,atendida,0,0,3,,
881,411915205000061,atendida,0,1,5,,
882,411915205000061,atendida,3,0,4,,
883,411915205000061,atendida,1,0,4,outras,vai_castrar
884,411915205000061,atendida,1,0,1,outras,pecado
885,411915205000061,atendida,0,0,2,,
886,411915205000061,atendida,1,0,4,custo_da_castracao,
887,411915205000061,atendida,1,0,3,,
888,411915205000061,atendida,0,0,2,,
889,411915205000061,atendida,2,0,1,,
890,411915205000061,atendida,0,0,3,,
891,411915205000061,atendida,4,1,4,,
892,411915205000061,atendida,0,0,2,,
893,411915205000061,atendida,1,0,3,nao_sabe,
894,411915205000061,atendida,1,0,4,,
895,411915205000061,atendida,4,0,5,custo_da_castracao,
896,411915205000061,atendida,0,0,3,,
897,411915205000061,atendida,1,0,2,custo_da_castracao,
898,411915205000061,atendida,0,0,2,,
899,411915205000061,atendida,1,0,5,,
900,411915205000061,atendida,0,0,3,,
901,411915205000095,atendida,1,0,5,outras,"dificil,_animal_bravo"
902,411915205000095,atendida,3,0,5,,
903,411915205000095,atendida,3,0,4,,
904,411915205000095,atendida,2,0,4,,
905,411915205000095,atendida,1,0,4,custo_da_castracao,
906,411915205000095,atendida,2,0,5,falta_de_tempo,
907,411915205000095,recusa,NA,NA,NA,,
908,411915205000095,casa_fechada,NA,NA,NA,,
909,411915205000095,atendida,1,0,3,,
910,411915205000095,atendida,0,0,3,,
911,411915205000095,atendida,1,0,3,nao_sabe,
912,411915205000095,atendida,0,0,3,,
913,411915205000095,atendida,0,0,2,,
914,411915205000095,atendida,2,0,5,quer_crias_do_animal,
915,411915205000095,atendida,2,0,4,,
916,411915205000095,atendida,0,0,3,,
917,411915205000095,recusa,NA,NA,NA,,
918,411915205000095,atendida,1,0,4,,
919,411915205000095,atendida,1,1,6,,
920,411915205000095,atendida,0,0,3,,
921,411915205000095,atendida,0,0,2,,
922,411915205000095,atendida,0,2,3,,
923,411915205000095,atendida,3,0,1,,
924,411915205000095,atendida,3,1,4,,
925,411915205000095,casa_fechada,NA,NA,NA,,
926,411915205000095,atendida,2,0,4,falta_de_tempo,
927,411915205000095,atendida,1,0,3,,
928,411915205000095,casa_fechada,NA,NA,NA,,
929,411915205000095,atendida,1,0,3,outras,muito_novo
930,411915205000095,recusa,NA,NA,NA,,
931,411915205000031,atendida,0,0,7,,
932,411915205000031,atendida,3,0,3,eh_perigoso_para_o_animal,
933,411915205000031,atendida,0,0,6,,
934,411915205000031,recusa,NA,NA,NA,,
935,411915205000031,atendida,1,1,3,,
936,411915205000031,atendida,2,0,3,,
937,411915205000031,atendida,0,0,4,,
938,411915205000031,atendida,2,0,5,,
939,411915205000031,atendida,2,0,3,,
940,411915205000031,atendida,2,0,5,,
941,411915205000031,atendida,1,0,3,,
942,411915205000031,casa_fechada,NA,NA,NA,,
943,411915205000031,recusa,NA,NA,NA,,
944,411915205000031,casa_fechada,NA,NA,NA,,
945,411915205000031,atendida,1,0,3,,
946,411915205000031,atendida,4,0,3,outras,nao_sai
947,411915205000031,atendida,1,0,2,custo_da_castracao,
948,411915205000031,atendida,2,2,1,outras,fica_com_do
949,411915205000031,atendida,0,0,5,,
950,411915205000031,atendida,1,0,3,,
951,411915205000031,recusa,NA,NA,NA,,
952,411915205000031,atendida,4,0,9,,
953,411915205000031,atendida,2,0,2,custo_da_castracao,
954,411915205000031,atendida,0,0,5,,
955,411915205000031,atendida,2,0,5,,
956,411915205000031,atendida,3,1,5,,
957,411915205000031,atendida,0,0,5,,
958,411915205000031,atendida,2,0,2,custo_da_castracao,
959,411915205000031,recusa,NA,NA,NA,,
960,411915205000031,atendida,0,0,2,,
961,411915205000041,atendida,0,0,2,,
962,411915205000041,atendida,0,0,1,,
963,411915205000041,atendida,0,0,2,,
964,411915205000041,atendida,0,0,3,,
965,411915205000041,recusa,NA,NA,NA,,
966,411915205000041,recusa,NA,NA,NA,,
967,411915205000041,atendida,0,0,2,,
968,411915205000041,atendida,0,0,3,,
969,411915205000041,atendida,0,1,2,,
970,411915205000041,atendida,0,0,2,,
971,411915205000041,recusa,NA,NA,NA,,
972,411915205000041,atendida,0,1,3,,
973,411915205000041,recusa,NA,NA,NA,,
974,411915205000041,atendida,0,0,1,,
975,411915205000041,atendida,1,1,3,nao_sabe,
976,411915205000041,recusa,NA,NA,NA,,
977,411915205000041,atendida,1,0,3,outras,idade
978,411915205000041,atendida,1,0,2,eh_perigoso_para_o_animal,
979,411915205000041,atendida,0,0,2,,
980,411915205000041,recusa,NA,NA,NA,,
981,411915205000041,atendida,1,0,1,custo_da_castracao,
982,411915205000041,recusa,NA,NA,NA,,
983,411915205000041,recusa,NA,NA,NA,,
984,411915205000041,atendida,0,0,2,,
985,411915205000041,recusa,NA,NA,NA,,
986,411915205000041,atendida,0,0,1,,
987,411915205000041,atendida,0,0,1,,
988,411915205000041,atendida,0,1,2,eh_perigoso_para_o_animal,
989,411915205000041,atendida,0,0,3,,
990,411915205000041,atendida,0,0,2,,
991,411915205000032,atendida,0,0,3,,
992,411915205000032,atendida,0,0,3,,
993,411915205000032,recusa,NA,NA,NA,,
994,411915205000032,atendida,1,0,4,,
995,411915205000032,atendida,1,0,4,nao_sabe,
996,411915205000032,recusa,NA,NA,NA,,
997,411915205000032,recusa,NA,NA,NA,,
998,411915205000032,atendida,2,0,2,quer_crias_do_animal,
999,411915205000032,atendida,0,0,2,,
1000,411915205000032,atendida,1,3,2,,
1001,411915205000032,atendida,1,3,3,,
1002,411915205000032,atendida,2,0,4,,
1003,411915205000032,atendida,1,0,3,,
1004,411915205000032,recusa,NA,NA,NA,,
1005,411915205000032,atendida,2,0,1,,
1006,411915205000032,atendida,3,0,2,falta_de_tempo,
1007,411915205000032,recusa,NA,NA,NA,,
1008,411915205000032,atendida,1,0,2,quer_crias_do_animal,
1009,411915205000032,recusa,NA,NA,NA,,
1010,411915205000032,atendida,2,0,4,,
1011,411915205000032,atendida,1,0,3,falta_de_tempo,
1012,411915205000032,atendida,1,0,6,custo_da_castracao,
1013,411915205000032,recusa,NA,NA,NA,,
1014,411915205000032,atendida,2,0,5,custo_da_castracao,
1015,411915205000032,atendida,0,0,4,,
1016,411915205000032,atendida,0,0,3,,
1017,411915205000032,recusa,NA,NA,NA,,
1018,411915205000032,recusa,NA,NA,NA,,
1019,411915205000032,atendida,0,0,5,,
1020,411915205000032,atendida,0,1,3,,
1021,411915205000022,casa_fechada,NA,NA,NA,,
1022,411915205000022,casa_fechada,NA,NA,NA,,
1023,411915205000022,atendida,0,0,5,,
1024,411915205000022,recusa,NA,NA,NA,,
1025,411915205000022,atendida,3,0,4,outras,nao_sai
1026,411915205000022,atendida,0,0,4,,
1027,411915205000022,atendida,2,0,3,,
1028,411915205000022,recusa,NA,NA,NA,,
1029,411915205000022,atendida,2,0,4,,
1030,411915205000022,atendida,1,0,4,,
1031,411915205000022,atendida,1,0,4,nao_sabe,
1032,411915205000022,atendida,1,0,3,custo_da_castracao,
1033,411915205000022,casa_fechada,NA,NA,NA,,
1034,411915205000022,atendida,1,0,3,,
1035,411915205000022,casa_fechada,NA,NA,NA,,
1036,411915205000022,atendida,1,0,3,,
1037,411915205000022,recusa,NA,NA,NA,,
1038,411915205000022,atendida,2,0,6,quer_crias_do_animal,
1039,411915205000022,atendida,1,0,4,,
1040,411915205000022,atendida,3,0,4,,
1041,411915205000022,atendida,0,0,2,,
1042,411915205000022,atendida,0,0,2,,
1043,411915205000022,recusa,NA,NA,NA,,
1044,411915205000022,casa_fechada,NA,NA,NA,,
1045,411915205000022,recusa,NA,NA,NA,,
1046,411915205000022,atendida,0,0,3,,
1047,411915205000022,atendida,0,0,6,,
1048,411915205000022,casa_fechada,NA,NA,NA,,
1049,411915205000022,recusa,NA,NA,NA,,
1050,411915205000022,atendida,2,0,2,,
1051,411915205000047,recusa,NA,NA,NA,,
1052,411915205000047,atendida,0,0,2,,
1053,411915205000047,atendida,3,0,3,,
1054,411915205000047,atendida,0,0,4,,
1055,411915205000047,atendida,2,0,3,custo_da_castracao,
1056,411915205000047,atendida,0,1,4,,
1057,411915205000047,recusa,NA,NA,NA,,
1058,411915205000047,atendida,0,0,5,,
1059,411915205000047,atendida,0,0,2,,
1060,411915205000047,atendida,4,0,4,,
1061,411915205000047,atendida,0,0,2,,
1062,411915205000047,atendida,0,0,3,,
1063,411915205000047,atendida,0,0,2,,
1064,411915205000047,atendida,2,0,2,,
1065,411915205000047,atendida,0,0,3,,
1066,411915205000047,atendida,7,0,6,,
1067,411915205000047,atendida,2,0,2,,
1068,411915205000047,atendida,5,2,2,,
1069,411915205000047,atendida,1,0,3,,
1070,411915205000047,atendida,4,3,2,,
1071,411915205000047,atendida,1,0,3,,
1072,411915205000047,recusa,NA,NA,NA,,
1073,411915205000047,recusa,NA,NA,NA,,
1074,411915205000047,atendida,0,0,3,,
1075,411915205000047,recusa,NA,NA,NA,,
1076,411915205000047,atendida,0,0,1,,
1077,411915205000047,atendida,1,0,3,custo_da_castracao,
1078,411915205000047,recusa,NA,NA,NA,,
1079,411915205000047,atendida,1,0,3,,
1080,411915205000047,recusa,NA,NA,NA,,
1081,411915205000023,recusa,NA,NA,NA,,
1082,411915205000023,atendida,1,0,6,falta_de_tempo,
1083,411915205000023,recusa,NA,NA,NA,,
1084,411915205000023,recusa,NA,NA,NA,,
1085,411915205000023,atendida,0,1,5,custo_da_castracao,
1086,411915205000023,atendida,9,1,2,custo_da_castracao,
1087,411915205000023,recusa,NA,NA,NA,,
1088,411915205000023,atendida,2,0,3,,
1089,411915205000023,atendida,1,0,1,falta_de_tempo,
1090,411915205000023,recusa,NA,NA,NA,,
1091,411915205000023,atendida,0,0,3,,
1092,411915205000023,atendida,2,0,5,,
1093,411915205000023,recusa,NA,NA,NA,,
1094,411915205000023,atendida,0,0,2,,
1095,411915205000023,atendida,2,0,3,custo_da_castracao,
1096,411915205000023,recusa,NA,NA,NA,,
1097,411915205000023,recusa,NA,NA,NA,,
1098,411915205000023,recusa,NA,NA,NA,,
1099,411915205000023,atendida,1,0,5,outras,nao_precisa
1100,411915205000023,recusa,NA,NA,NA,,
1101,411915205000023,atendida,0,0,4,,
1102,411915205000023,atendida,1,2,3,custo_da_castracao,
1103,411915205000023,recusa,NA,NA,NA,,
1104,411915205000023,atendida,1,0,1,outras,proprietario_doente
1105,411915205000023,recusa,NA,NA,NA,,
1106,411915205000023,atendida,1,0,3,custo_da_castracao,
1107,411915205000023,atendida,3,0,3,,
1108,411915205000023,recusa,NA,NA,NA,,
1109,411915205000023,atendida,1,0,1,falta_de_tempo,
1110,411915205000023,atendida,1,0,2,,
1111,411915205000021,recusa,NA,NA,NA,,
1112,411915205000021,recusa,NA,NA,NA,,
1113,411915205000021,atendida,1,0,5,custo_da_castracao,
1114,411915205000021,atendida,3,0,5,quer_crias_do_animal,
1115,411915205000021,atendida,0,0,4,,
1116,411915205000021,atendida,1,0,4,quer_crias_do_animal,
1117,411915205000021,atendida,0,0,3,,
1118,411915205000021,atendida,1,0,3,,
1119,411915205000021,recusa,NA,NA,NA,,
1120,411915205000021,atendida,1,0,3,,
1121,411915205000021,atendida,1,0,5,,
1122,411915205000021,atendida,1,0,4,custo_da_castracao,
1123,411915205000021,atendida,0,0,3,,
1124,411915205000021,atendida,0,0,4,,
1125,411915205000021,atendida,1,0,7,falta_de_tempo,
1126,411915205000021,atendida,0,0,2,,
1127,411915205000021,atendida,0,0,6,,
1128,411915205000021,atendida,1,0,4,custo_da_castracao,
1129,411915205000021,atendida,3,0,4,,
1130,411915205000021,atendida,0,0,4,,
1131,411915205000021,atendida,0,0,5,,
1132,411915205000021,atendida,0,0,2,,
1133,411915205000021,atendida,0,0,5,,
1134,411915205000021,atendida,0,0,2,,
1135,411915205000021,atendida,0,0,2,,
1136,411915205000021,atendida,0,0,3,,
1137,411915205000021,atendida,0,0,4,,
1138,411915205000021,atendida,0,0,2,,
1139,411915205000021,atendida,1,0,1,falta_de_tempo,
1140,411915205000021,recusa,NA,NA,NA,,
1141,411915205000059,atendida,1,0,1,,
1142,411915205000059,atendida,3,0,4,,
1143,411915205000059,atendida,2,0,4,,
1144,411915205000059,atendida,0,1,2,custo_da_castracao,
1145,411915205000059,recusa,NA,NA,NA,,
1146,411915205000059,atendida,1,0,3,falta_de_tempo,
1147,411915205000059,atendida,0,0,1,,
1148,411915205000059,atendida,2,0,1,,
1149,411915205000059,atendida,0,0,2,,
1150,411915205000059,atendida,1,0,3,falta_de_tempo,
1151,411915205000059,atendida,2,0,3,,
1152,411915205000059,atendida,0,0,5,,
1153,411915205000059,recusa,NA,NA,NA,,
1154,411915205000059,atendida,0,0,4,,
1155,411915205000059,atendida,0,0,1,,
1156,411915205000059,atendida,5,0,7,,
1157,411915205000059,recusa,NA,NA,NA,,
1158,411915205000059,atendida,0,0,3,,
1159,411915205000059,atendida,3,0,5,custo_da_castracao,
1160,411915205000059,atendida,1,0,3,,
1161,411915205000059,atendida,1,0,4,,
1162,411915205000059,atendida,4,0,3,,
1163,411915205000059,atendida,2,0,2,,
1164,411915205000059,casa_fechada,NA,NA,NA,,
1165,411915205000059,atendida,1,0,2,falta_de_tempo,
1166,411915205000059,atendida,1,0,5,outras,vai_castrar
1167,411915205000059,recusa,NA,NA,NA,,
1168,411915205000059,atendida,0,0,1,,
1169,411915205000059,atendida,0,0,4,,
1170,411915205000059,atendida,2,0,2,custo_da_castracao,
1171,411915205000036,atendida,4,2,2,,
1172,411915205000036,atendida,0,0,1,,
1173,411915205000036,atendida,6,0,3,,
1174,411915205000036,recusa,NA,NA,NA,,
1175,411915205000036,atendida,1,0,4,,
1176,411915205000036,recusa,NA,NA,NA,,
1177,411915205000036,atendida,0,0,4,,
1178,411915205000036,atendida,2,0,4,falta_de_tempo,
1179,411915205000036,atendida,2,0,8,outras,usa_contraceptivo
1180,411915205000036,atendida,2,1,4,falta_de_tempo,
1181,411915205000036,recusa,NA,NA,NA,,
1182,411915205000036,atendida,0,0,2,,
1183,411915205000036,atendida,1,0,4,nao_sabe,
1184,411915205000036,atendida,2,0,2,,
1185,411915205000036,recusa,NA,NA,NA,,
1186,411915205000036,atendida,1,0,6,nao_sabe,
1187,411915205000036,atendida,1,0,2,outras,cao_ficara_gordo_e_preguicoso
1188,411915205000036,atendida,2,2,6,custo_da_castracao,
1189,411915205000036,casa_fechada,NA,NA,NA,,
1190,411915205000036,atendida,0,0,5,,
1191,411915205000036,atendida,1,4,4,custo_da_castracao,
1192,411915205000036,atendida,3,2,7,outras,muito_velho
1193,411915205000036,recusa,NA,NA,NA,,
1194,411915205000036,atendida,3,3,4,,
1195,411915205000036,recusa,NA,NA,NA,,
1196,411915205000036,atendida,3,0,1,custo_da_castracao,
1197,411915205000036,recusa,NA,NA,NA,,
1198,411915205000036,atendida,1,1,2,,
1199,411915205000036,recusa,NA,NA,NA,,
1200,411915205000036,atendida,4,0,3,custo_da_castracao,
1201,411915205000111,atendida,0,0,4,,
1202,411915205000111,recusa,NA,NA,NA,,
1203,411915205000111,recusa,NA,NA,NA,,
1204,411915205000111,atendida,1,0,4,falta_de_tempo,
1205,411915205000111,recusa,NA,NA,NA,,
1206,411915205000111,recusa,NA,NA,NA,,
1207,411915205000111,atendida,2,0,6,,
1208,411915205000111,recusa,NA,NA,NA,,
1209,411915205000111,atendida,0,0,3,,
1210,411915205000111,atendida,1,0,3,custo_da_castracao,
1211,411915205000111,atendida,1,1,3,custo_da_castracao,
1212,411915205000111,atendida,2,0,5,custo_da_castracao,
1213,411915205000111,recusa,NA,NA,NA,,
1214,411915205000111,atendida,0,0,4,,
1215,411915205000111,recusa,NA,NA,NA,,
1216,411915205000111,recusa,NA,NA,NA,,
1217,411915205000111,atendida,1,0,2,,
1218,411915205000111,atendida,3,0,2,custo_da_castracao,
1219,411915205000111,atendida,1,0,2,custo_da_castracao,
1220,411915205000111,recusa,NA,NA,NA,,
1221,411915205000111,atendida,2,0,3,custo_da_castracao,
1222,411915205000111,atendida,1,0,2,,
1223,411915205000111,atendida,3,0,3,custo_da_castracao,
1224,411915205000111,atendida,1,1,3,custo_da_castracao,
1225,411915205000111,atendida,0,0,2,,
1226,411915205000111,atendida,1,0,4,,
1227,411915205000111,atendida,2,0,4,nao_sabe,
1228,411915205000111,recusa,NA,NA,NA,,
1229,411915205000111,atendida,0,0,4,,
1230,411915205000111,recusa,NA,NA,NA,,
